name,sha1
Essai109,#51ced0dc40c1e1e34a9df3e54d5598391c9bdf9e
Essai108,2bded8334bfdea1d7f66eb00a91a019f88b545bb
Essai107,0f6aafb616a3d0ef361b0b9fbfc5c2f6740ff7d6
Essai99,824627f6315247257cdf72a2c1293367c79b49ac
Essai98,d55bb7c2f7cc0b7df3bf1853906d54dee065f07c
Essai97,421b8c9ff1f40086322be9f514b7353ccbc5b3cf
Essai94,50c0ac567bb2dcb8516384353401c0e8444e8e90
Essai93,5f35f5d6f14057c74441c66b4ae130b774da5e39
Essai90,abb292b8008b5253ab48789a2b5b47474829b0fc
Essai9,fa4cc033c8f3c435ca410f5ee412f727a9ee3be0
Essai89,b3a54a5bd42478c4df9c953443ae278853ebb555
Essai88,9a338d9c5c5b04a4ea9bb0ea215a749f83ca32a4
Essai87,a72e4702dcaa2be346f77202550993fdda827130
Essai86,b50b47d15148ab72433df0006458e898ec3a31c6
Essai85,a604e37e6f53aac10822e8f72e8f35b9f5890a25
Essai84,a5ff65803375aebf09ec9d17426159e12dac4e5f
Essai83,0be07bc2e7c8d26f1c87583de602b6cf0fb0862f
Essai82,620cd7a2b23bac3a2201e4ce6f8963f3e682cf71
Essai81,3cb59a08185fa679fccfa1be1f23b5a0dd4c773a
Essai80,7f85f5b128eac0dcee58f7a6eedfb3d0b5ba04df
Essai8,188b4147f9e743f0749763e577c4e0273347c9db
Essai79,df240d10378f9dc4fee4f6218163f34cb232dd3d
Essai78,14254645de063f339b45124dec71fc58e0495c8b
Essai77,ebc2340e695fa1b8e30d3d239542727cbab22ffc
Essai76,b6cabb00e88a6fe2c659bc591f8100675cf2e246
Essai75,8bfc0ea75f9bebe970f31e8cd7be0d1857205a96
Essai74,994ad3ffcf7585c26f772d47e9ae9c269eae8d6b
Essai73,46e998fb047090401200365f89de962c555df183
Essai72,973c7344f2a89f281ba579790928279fa73745a7
Essai71,7a422398ad4e45f183f484004eeb7ca539b54474
Essai70,524a730d1e4ee92727a1c77e3b6eae93315a7ca8
Essai7,420a1133f4ec38887fd76834bc2a0a2e31a5a406
Essai69,56958679cffc7ecb8d1ef5b04c66a898aebf7d01
Essai68,6f5eb2a05877d350f1e56a6c04b32d1b55ec23fe
Essai67,ae6732ac6b70059dbc19f9a32e3d459de838cb73
Essai66,242f26aa2113979deb140e82cf983c278abe8745
Essai65,88213e73d4fe61d7fb5f42dc330ad422d8efd6c7
Essai64,d3967340d0632e516dce023a75c585c456ebf3bd
Essai63,b072fe73aa48adb37f895af3247730147e555d44
Essai62,8b6b1a0e1b9d5b9402e63437ef0e3165268d3dce
Essai61,00c9d63e7c96388aebd75a04f93b6a28b70b3332
Essai60,cc758ed01be12f659100d7571bda079388033e9e
Essai6,412331acaf7a0ac2eed9b8dcb58716fd6ec825c7
Essai59,7168f180e3b708dec12b30a8fbbaebfd6092c29a
Essai58,ba02938d32d7bef3b0afde0454bb8b86fdff50a2
Essai57,1c79d7fffb683d091a1201827d6fc8a458a50546
Essai56,673ba62117499e2d05f594bdc8762dba69b26dc6
Essai55,7789b0fb8977d77d966dee0a689c01661427b4cb
Essai54,953e01b7ab2d5579feba37f3e3dd08f9acbdf086
Essai53,453f0891ed2ad8f3900cb6266110531c0b9d9f52
Essai52,544219fa73dc7239c53fc154ae144602b44778ab
Essai51,2d1b5c4ba8e8bd14da1fd1c1bc85d752ce6aacda
Essai50,28425aba856bd1ac69d99edcf80f1558cffce66f
Essai5,ec52413a0d1efd423f46df12352d761ad8886980
Essai49,f27dd60c2fb8c57aba8a6874a9ab31d2034196a0
Essai48,e16ba2e3f50012682800e90158f3ec3cdd220b81
Essai47,6d386b66d6d492443a222aec1c602a250bddba67
Essai46,074d36e006aceffea3fe742b9715a46b9a1c79ef
Essai45,50f045a247311414251e0a278c70791d57511344
Essai44,45e079db5097a9fdc2b5e1c6b6c2ad54045ee60e
Essai43,30f7c79d952149a4aa37e6655cf515efba9631a9
Essai42,17276bf02659fe40a4c4275a96fb54564333b811
Essai41,38dbde9795fe14a3d6e8123043903e0e5deeaf36
Essai40,5bfb1292b3f7a8268a5b09dd004abc10510f30f0
Essai4,37f23746b83d266ddef955bca791c34c07c93b1f
Essai39,9b2e95efa6c17b2960458d497346679392677e4d
Essai38,cea9a645218f875536f011747accfa0fdab2751e
Essai37,7a228e0fb45dd013abc7f577187d4630c4a3c124
Essai36,1aebe6f1917170806fdc110e6c59aa17603cd1db
Essai35,007bed1534bbee57efcefacb848cef88b084c66d
Essai34,b028304bbf3925a515348fd0460f43c72e40c25c
Essai33,87736756d322645029d5d7790eed0987a72f205b
Essai32,f6ef212903eb8f29f44f65d27ead3eb270a0e8aa
Essai31,b1818db46861f6c759f273fb47e95f08b0769228
Essai30,2cfdb9486676519b0f5fa86d844125fa3ae904b4
Essai3,3ffd89e2600fb4edca802709acd014615fdb1daa
Essai29,2f6f48871b841337512a6555c51e2d23b800d816
Essai28,8a997e507b8faff71df0f5814ed0ce4396937c7a
Essai27,b367d483f21d69dd2f6685f4c8e368b156806b14
Essai26,b94f3411d9e49d320cd9d77c021cafa9a557d14e
Essai25,b9c62097bfc5b58092edd17372524bf746c1f338
Essai24,c7ae1f017e48f7638cfb6cf9c0473d74f2c14979
Essai23,946bf4c7eec01ced3c60e529119dac91bcb7a450
Essai22,06d42895399f6076f887eed9486d57d142f2200d
Essai21,919d528889c9802486eabe70fa0118e23bcf5206
Essai20,5cbf70eafa401eaf7d7573f262a83262e8529c89
Essai2,d573caeaa514c5fc88ca1adcf56ba61797ef893c
Essai19,f1d196418b38787215ecf548e782f0b4446e5b33
Essai18,24cebb3151c4d4ee47cec2201ec0cdf362bf6add
Essai17,abb87acb89987eb4d38e594c424a4663efd834d8
Essai16,ef29292187592f2c7e214ac4ca9ba3124e4de2bb
Essai15,8f6c658fe80303cd28af89622214603a67cb716f
Essai14,6f3e89ad11442be6e2b4c685d0345fad3ff2960e
Essai13,56c0e37932283a546b40366ba50434845d157455
Essai12,93583803e1285e2827f13764dccbf78261c482bf
Essai11,148d3d154678afac4c1d724b4de24ffa5ce93f29
Essai10,78ef061bd498d82529016e71d5e3714e406086ba
Essai1,e24e7d91e2390d91d8fe6e8bbbcd9da5e86acd47
